category,item,price_eur
SPRITZ,APEROL SPRITZ,15.00
SPRITZ,CAMPARI SPRITZ,15.00
SPRITZ,HUGO SPRITZ,15.00
SPRITZ,PASSION SPRITZ,15.00
CLASSIC COCKTAILS,AVIATION,15.00
CLASSIC COCKTAILS,CLOVER CLUB,15.00
CLASSIC COCKTAILS,KIR ROYAL,15.00
CLASSIC COCKTAILS,NEGRONI,15.00
CLASSIC COCKTAILS,AMERICANO,15.00
CLASSIC COCKTAILS,THE LONDON SOUR,15.00
CLASSIC COCKTAILS,MOSCOW MULE,15.00
CLASSIC COCKTAILS,PALOMA,15.00
CLASSIC COCKTAILS,DAIQUIRI,15.00
CLASSIC COCKTAILS,MAI TAI,15.00
CLASSIC COCKTAILS,MANHATTAN,15.00
CLASSIC COCKTAILS,BOULVARDIER,15.00
CLASSIC COCKTAILS,MARGARITA,15.00
CLASSIC COCKTAILS,PREMIUM COCKTAIL 17,17.00
CLASSIC COCKTAILS,PREMIUM COCKTAIL 20,20.00
CLASSIC COCKTAILS,PREMIUM COCKTAIL 15,15.00
MARTINI COLLECTION,CLASSIC MARTINI,17.00
MARTINI COLLECTION,DIRTY MARTINI,17.00
MARTINI COLLECTION,ESPRESSO MARTINI,17.00
MARTINI COLLECTION,GIBSON,17.00
MARTINI COLLECTION,LYCHEE MARTINI,17.00
MOVIES COCKTAIL,COSMOPOLITAN,17.00
MOVIES COCKTAIL,MINT JULEP,17.00
MOVIES COCKTAIL,TEQUILA SUNRISE,17.00
MOVIES COCKTAIL,VESPER MARTINI,17.00
SIGNATURE,ANTHEA 75,20.00
SIGNATURE,FIRST CLASS MANHATTAN,20.00
SIGNATURE,THE MAJESTIC OLD FASHION,20.00
NON ALCOHOLIC SIGNATURE,ANTHEA DAUGHETER,12.00
NON ALCOHOLIC SIGNATURE,MYSTICAL CRANBERRY,12.00
NON ALCOHOLIC SIGNATURE,PALOMA ZERO,12.00
NON ALCOHOLIC SIGNATURE,RUBY BLOSSOM,12.00
GIN COLLECTION,GIN TONIC BOMBAY SAPPHIRE,15.00
GIN COLLECTION,TANQUERAY,15.00
GIN COLLECTION,MONKEY 47 TONIC,16.00
GIN COLLECTION,NO 3 LONDON TONIC,16.00
GIN COLLECTION,ROKU TONIC,16.00
GIN COLLECTION,THE BOTANIST TONIC,16.00
GIN COLLECTION,HENDRICKS TONIC,16.00
GIN COLLECTION,IL PROFESSORE TONIC,18.00
GIN COLLECTION,KI NO BI TONC,18.00
VODKA COLLECTION,BELUGA GOLD,18.00
VODKA COLLECTION,BELVEDERE,17.00
VODKA COLLECTION,GREY GOOSE,17.00
VODKA COLLECTION,KETEL ONE,15.00
VODKA COLLECTION,TITOS,15.00
WHISKY COLLECTION,BLACK LABEL,15.00
WHISKY COLLECTION,CHIVAS 18,15.00
WHISKY COLLECTION,NIKKA FROM THE BARREL,15.00
WHISKY COLLECTION,OBAN 14,16.00
WHISKY COLLECTION,LAGAVULIN 16,18.00
WHISKY COLLECTION,MACALLAN 12,20.00
BOURBON COLLECTION,BULIET RYE,12.00
BOURBON COLLECTION,BULLIET BOURBON,12.00
BOURBON COLLECTION,WILD TURKEY,10.00
BOURBON COLLECTION,WOODFORD RESERVE,15.00
TEQUILQ E MEZAL COLLECTION,ESPOLON BLANCO,9.00
TEQUILQ E MEZAL COLLECTION,CASAMIGOS REPOSADO,12.00
TEQUILQ E MEZAL COLLECTION,CASAMIGOS BLANCO,12.00
TEQUILQ E MEZAL COLLECTION,LA VIDA MEZCAL,12.00
TEQUILQ E MEZAL COLLECTION,DON JULIO REPOSADO,18.00
TEQUILQ E MEZAL COLLECTION,DON JULIO BLANCO,17.00
RUM COLLECTION,HAVANA 3 ANOS,7.00
RUM COLLECTION,HAVANA 7 ANOS,10.00
RUM COLLECTION,CAPTAIN MORGAN JAMAICAN RUM,7.00
RUM COLLECTION,DON PAPA,15.00
RUM COLLECTION,ZACAPA 23,18.00
RUM COLLECTION,DIPLOMATICO RESERVA,17.00
CHAMPAGNE E BOLLICINE,B. SATN DOCG,60.00
CHAMPAGNE E BOLLICINE,B.SAN CRRISTOFORO FRANCIACORTA,60.00
CHAMPAGNE E BOLLICINE,B.TRENTO DOC,48.00
CHAMPAGNE E BOLLICINE,CARTE D OR DRAPPIER,72.00
CHAMPAGNE E BOLLICINE,ROSE DRAPPIER,80.00
CHAMPAGNE E BOLLICINE,CALICE.SATEN DOCG,15.00
CHAMPAGNE E BOLLICINE,CALICE.SANCRISTOFORO BRUT,15.00
CHAMPAGNE E BOLLICINE,CALICE.TERNTO,12.00
CHAMPAGNE E BOLLICINE,CALICE.CARTE DOR,18.00
CHAMPAGNE E BOLLICINE,CALICE DRAPPIER ROSE,20.00
CHAMPAGNE E BOLLICINE,BELLAVISTA,75.00
CHAMPAGNE E BOLLICINE,RUINART ROSE,150.00
CHAMPAGNE E BOLLICINE,PERRIER JOUET BELLE EPOQUE,300.00
VINI ROSSI,B.CHIANTI CLASSICO DOCG,40.00
VINI ROSSI,B.NEBBIOLO DOC,40.00
VINI ROSSI,B.RIPASSSO DELLA VALPOLCELLA,45.00
VINI ROSSI,AMARONE MASI,85.00
VINI ROSSI,CALICE.CHIANTI DOCG,10.00
VINI ROSSI,CALICE.NEBBIOLO,10.00
VINI ROSSI,CALICE.RIPASSO,12.00
VINI ROSSI,BAROLO VIETTI CASTIGLIONE,85.00
VINI BIANCHI,B.KERNER ALTO AIDGE,36.00
VINI BIANCHI,B.PINOT GRIGIO COLLIO,32.00
VINI BIANCHI,B.MAJERLA CHARDONNAY RISERVA,40.00
VINI BIANCHI,CERVARO DELLA SALA,80.00
VINI BIANCHI,CALICE.KERNER,9.00
VINI BIANCHI,CALICE.PINOT GRIGIO,8.00
VINI BIANCHI,CALICE.CHARDONNAY,10.00
AMARI COLLECTION,AMARO AMARA,8.00
AMARI COLLECTION,AMARO DEL CAPO,8.00
AMARI COLLECTION,AVERNA,8.00
AMARI COLLECTION,FERNET BRANCA,8.00
AMARI COLLECTION,JAGERMEISTER,8.00
AMARI COLLECTION,LUCANO,8.00
AMARI COLLECTION,MONTENEGRO,8.00
FOOD MENU,TAGLIERE DEGLI APSTOLI,20.00
FOOD MENU,HUMMUS,9.00
FOOD MENU,TIRAMISU,9.00
BEER COLLECTION,LAGER,7.00
BEER COLLECTION,IPA,8.00
BEER COLLECTION,BIRRA SENZA GLUTINE,6.00
BEER COLLECTION,BIRRA ANALCOLICA,6.00
BEVANDE,ACQUA PANNA 0.75,6.00
BEVANDE,COCA COLA,5.00
BEVANDE,COCA COLA ZERO,5.00
BEVANDE,COCA ZERO ZERO,5.00
BEVANDE,CRODINO,5.00
BEVANDE,FANTA,5.00
BEVANDE,GALVANINA TE LIMONE,5.00
BEVANDE,GALVANINA TE PESCA,5.00
BEVANDE,S.PELLEGRINO,3.00
BEVANDE,S.PELLEGRINO 0.75,6.00
BEVANDE,SPRITE,5.00
BEVANDE,SUCCO ACE,5.00
BEVANDE,SUCCO ANANAS,5.00
CAFFETTERIA,CAFFE,2.00
CAFFETTERIA,CAPPUCCINO,3.50
CAFFETTERIA,GINSENG,3.00
CAFFETTERIA,ORZO,2.00
EXTRA,EXTRA 1,1.00
EXTRA,EXTRA 2,2.00
EXTRA,EXTRA 3,3.00
EXTRA,EXTRA 4,4.00
EXTRA,EXTRA 5,5.00
EXTRA,EXTRA 6,6.00
EXTRA,EXTRA 7,7.00
EXTRA,EXTRA 8,8.00
EXTRA,EXTRA 9,9.00
EXTRA,EXTRA 10,10.00
